Flag,Country name,Line of symmetry
ğŸ‡®ğŸ‡²,Isle of Man,None
ğŸ‡¹ğŸ‡¿,Tanzania,None
ğŸ‡³ğŸ‡ª,Niger,Vert
ğŸ‡µğŸ‡«,French Polynesia,None
ğŸ‡«ğŸ‡·,France,Horz
ğŸ‡§ğŸ‡§,Barbados,Vert
ğŸ‡³ğŸ‡·,Nauru,None
ğŸ‡¼ğŸ‡¸,Samoa,None
ğŸ‡¬ğŸ‡¸,South Georgia,None
ğŸ‡¬ğŸ‡¬,Guernsey,Full
ğŸ‡µğŸ‡­,Philippines,None
ğŸ‡§ğŸ‡·,Brazil,None
ğŸ‡µğŸ‡¦,Panama,None
ğŸ‡©ğŸ‡°,Denmark,Horz
ğŸ‡¨ğŸ‡¬,Republic of the Congo,None
ğŸ‡µğŸ‡ª,Peru,Full
ğŸ‡³ğŸ‡¨,New Caledonia,None
ğŸ‡¬ğŸ‡µ,Guadeloupe,None
ğŸ‡¨ğŸ‡©,DR Congo,None
ğŸ‡¸ğŸ‡¹,SÃ£o TomÃ© and PrÃ­ncipe,None
ğŸ‡°ğŸ‡®,Kiribati,None
ğŸ‡°ğŸ‡¼,Kuwait,None
ğŸ‡§ğŸ‡¼,Botswana,Full
ğŸ‡±ğŸ‡¾,Libya,None
ğŸ‡²ğŸ‡«,Saint Martin,Horz
ğŸ‡²ğŸ‡¾,Malaysia,None
ğŸ‡²ğŸ‡¹,Malta,None
ğŸ‡§ğŸ‡³,Brunei,None
ğŸ‡®ğŸ‡´,British Indian Ocean Territory,None
ğŸ‡¦ğŸ‡¸,American Samoa,None
ğŸ‡¨ğŸ‡º,Cuba,None
ğŸ‡¸ğŸ‡¨,Seychelles,None
ğŸ‡¹ğŸ‡»,Tuvalu,None
ğŸ‡­ğŸ‡³,Honduras,Vert
ğŸ‡§ğŸ‡¸,Bahamas,None
ğŸ‡¨ğŸ‡¿,Czechia,None
ğŸ‡¬ğŸ‡¶,Equatorial Guinea,None
ğŸ‡²ğŸ‡¸,Montserrat,None
ğŸ‡¸ğŸ‡·,Suriname,Vert
ğŸ‡±ğŸ‡¸,Lesotho,None
ğŸ³ï¸,French Southern and Antarctic Lands,None
ğŸ‡¦ğŸ‡¼,Aruba,None
ğŸ‡¹ğŸ‡­,Thailand,Full
ğŸ‡¦ğŸ‡±,Albania,Vert
ğŸ‡±ğŸ‡¨,Saint Lucia,Vert
ğŸ‡§ğŸ‡«,Burkina Faso,None
ğŸ‡²ğŸ‡³,Mongolia,None
ğŸ‡¬ğŸ‡­,Ghana,Vert
ğŸ‡²ğŸ‡¿,Mozambique,None
ğŸ‡µğŸ‡±,Poland,Vert
ğŸ‡¸ğŸ‡³,Senegal,None
ğŸ‡ºğŸ‡³,United Nations,None
ğŸ‡ºğŸ‡¾,Uruguay,None
ğŸ‡­ğŸ‡¹,Haiti,None
ğŸ‡µğŸ‡¹,Portugal,None
ğŸ‡¸ğŸ‡½,Sint Maarten,None
ğŸ‡«ğŸ‡°,Falkland Islands,None
ğŸ‡¸ğŸ‡¿,Eswatini (Swaziland),None
ğŸ‡¿ğŸ‡¼,Zimbabwe,None
ğŸ‡¦ğŸ‡½,Ã…land Islands,Horz
ğŸ‡¸ğŸ‡´,Somalia,Vert
ğŸ‡»ğŸ‡ª,Venezuela,Vert
ğŸ‡«ğŸ‡®,Finland,Horz
ğŸ‡°ğŸ‡·,South Korea,None
ğŸ‡²ğŸ‡±,Mali,Horz
ğŸ‡°ğŸ‡²,Comoros,None
ğŸ‡¸ğŸ‡°,Slovakia,None
ğŸ‡¸ğŸ‡¾,Syria,Vert
ğŸ‡¸ğŸ‡ª,Sweden,Horz
ğŸ‡¬ğŸ‡º,Guam,None
ğŸ‡»ğŸ‡¬,British Virgin Islands,None
ğŸ‡¹ğŸ‡¨,Turks and Caicos Islands,None
ğŸ‡¬ğŸ‡¹,Guatemala,None
ğŸ‡¦ğŸ‡¬,Antigua and Barbuda,Vert
ğŸ‡¸ğŸ‡®,Slovenia,None
ğŸ‡¦ğŸ‡¹,Austria,Full
ğŸ‡®ğŸ‡³,India,Vert
ğŸ‡·ğŸ‡¸,Serbia,None
ğŸ‡©ğŸ‡¯,Djibouti,None
ğŸ‡¬ğŸ‡§,United Kingdom,None
ğŸ‡±ğŸ‡§,Lebanon,None
ğŸ‡¬ğŸ‡¾,Guyana,Horz
ğŸ‡²ğŸ‡µ,Northern Mariana Islands,None
ğŸ‡¬ğŸ‡¦,Gabon,Vert
ğŸ‡·ğŸ‡´,Romania,Horz
ğŸ‡²ğŸ‡¨,Monaco,Vert
ğŸ³ï¸,Bouvet Island,Horz
ğŸ‡§ğŸ‡¦,Bosnia and Herzegovina,None
ğŸ³ï¸,Caribbean Netherlands,None
ğŸ‡¸ğŸ‡¦,Saudi Arabia,None
ğŸ‡¹ğŸ‡³,Tunisia,None
ğŸ‡²ğŸ‡¶,Martinique,None
ğŸ‡¬ğŸ‡«,French Guiana,None
ğŸ‡µğŸ‡¬,Papua New Guinea,None
ğŸ‡®ğŸ‡·,Iran,None
ğŸ‡¹ğŸ‡¬,Togo,None
ğŸ‡§ğŸ‡¿,Belize,None
ğŸ‡¦ğŸ‡´,Angola,None
ğŸ‡¬ğŸ‡¼,Guinea-Bissau,None
ğŸ‡±ğŸ‡·,Liberia,None
ğŸ‡¹ğŸ‡·,Turkey,None
ğŸ‡²ğŸ‡¼,Malawi,None
ğŸ‡¦ğŸ‡®,Anguilla,None
ğŸ³ï¸,United States Minor Outlying Islands,None
ğŸ‡¨ğŸ‡»,Cape Verde,None
ğŸ‡§ğŸ‡¬,Bulgaria,Vert
ğŸ‡§ğŸ‡­,Bahrain,Horz
ğŸ‡ªğŸ‡ª,Estonia,Vert
ğŸ‡°ğŸ‡­,Cambodia,None
ğŸ‡·ğŸ‡º,Russia,Vert
ğŸ‡¾ğŸ‡¹,Mayotte,None
ğŸ‡®ğŸ‡¹,Italy,Horz
ğŸ‡§ğŸ‡¯,Benin,None
ğŸ‡¨ğŸ‡³,China,None
ğŸ‡²ğŸ‡²,Myanmar,Vert
ğŸ‡ºğŸ‡¿,Uzbekistan,None
ğŸ‡¬ğŸ‡ª,Georgia,Full
ğŸ‡ºğŸ‡¬,Uganda,None
ğŸ‡µğŸ‡·,Puerto Rico,None
ğŸ‡¸ğŸ‡»,El Salvador,None
ğŸ‡¶ğŸ‡¦,Qatar,Horz
ğŸ‡ºğŸ‡¦,Ukraine,Vert
ğŸ‡¦ğŸ‡¶,Antarctica,None
ğŸ‡¸ğŸ‡±,Sierra Leone,Vert
ğŸ‡²ğŸ‡¦,Morocco,Vert
ğŸ‡¦ğŸ‡·,Argentina,None
ğŸ‡³ğŸ‡º,Niue,None
ğŸ‡§ğŸ‡¾,Belarus,None
ğŸ‡§ğŸ‡¹,Bhutan,None
ğŸ³ï¸,Christmas Island,None
ğŸ‡¬ğŸ‡²,Gambia,Vert
ğŸ‡§ğŸ‡±,Saint BarthÃ©lemy,None
ğŸ‡±ğŸ‡¹,Lithuania,Vert
ğŸ‡³ğŸ‡¦,Namibia,None
ğŸ‡ªğŸ‡¸,Spain,None
ğŸ‡»ğŸ‡®,United States Virgin Islands,None
ğŸ‡­ğŸ‡·,Croatia,None
ğŸ‡«ğŸ‡´,Faroe Islands,Horz
ğŸ‡°ğŸ‡¬,Kyrgyzstan,None
ğŸ‡°ğŸ‡³,Saint Kitts and Nevis,None
ğŸ‡²ğŸ‡´,Macau,Vert
ğŸ‡¹ğŸ‡¹,Trinidad and Tobago,None
ğŸ‡»ğŸ‡³,Vietnam,Vert
ğŸ‡³ğŸ‡¬,Nigeria,Full
ğŸ‡§ğŸ‡©,Bangladesh,None
ğŸ³ï¸,Cocos (Keeling) Islands,None
ğŸ‡©ğŸ‡´,Dominican Republic,None
ğŸ‡·ğŸ‡ª,RÃ©union,Vert
ğŸ‡²ğŸ‡©,Moldova,None
ğŸ‡²ğŸ‡º,Mauritius,Vert
ğŸ‡µğŸ‡°,Pakistan,None
ğŸ‡¦ğŸ‡¿,Azerbaijan,None
ğŸ‡³ğŸ‡±,Netherlands,Vert
ğŸ‡­ğŸ‡º,Hungary,Vert
ğŸ‡§ğŸ‡®,Burundi,Vert
ğŸ‡³ğŸ‡´,Norway,Horz
ğŸ‡²ğŸ‡»,Maldives,None
ğŸ‡®ğŸ‡©,Indonesia,Vert
ğŸ‡±ğŸ‡¦,Laos,Vert
ğŸ‡¹ğŸ‡´,Tonga,None
ğŸ‡±ğŸ‡»,Latvia,Full
ğŸ‡¦ğŸ‡ª,United Arab Emirates,None
ğŸ‡°ğŸ‡¾,Cayman Islands,None
ğŸ‡¼ğŸ‡«,Wallis and Futuna,None
ğŸ‡¿ğŸ‡²,Zambia,None
ğŸ‡¦ğŸ‡«,Afghanistan,None
ğŸ‡«ğŸ‡²,Micronesia,Full
ğŸ‡¸ğŸ‡²,San Marino,None
ğŸ‡°ğŸ‡ª,Kenya,None
ğŸ‡¯ğŸ‡ª,Jersey,None
ğŸ‡¸ğŸ‡©,Sudan,None
ğŸ‡¹ğŸ‡²,Turkmenistan,None
ğŸ‡²ğŸ‡­,Marshall Islands,None
ğŸ‡²ğŸ‡°,North Macedonia,Full
ğŸ‡§ğŸ‡ª,Belgium,Horz
ğŸ‡¨ğŸ‡«,Central African Republic,None
ğŸ‡¬ğŸ‡·,Greece,None
ğŸ‡«ğŸ‡¯,Fiji,None
ğŸ‡ªğŸ‡¹,Ethiopia,None
ğŸ‡¬ğŸ‡±,Greenland,None
ğŸ‡¯ğŸ‡µ,Japan,Full
ğŸ‡¨ğŸ‡®,CÃ´te d'Ivoire (Ivory Coast),Horz
ğŸ‡¾ğŸ‡ª,Yemen,Vert
ğŸ‡µğŸ‡²,Saint Pierre and Miquelon,None
ğŸ‡²ğŸ‡·,Mauritania,Vert
ğŸ‡®ğŸ‡¶,Iraq,None
ğŸ‡±ğŸ‡°,Sri Lanka,None
ğŸ‡²ğŸ‡ª,Montenegro,None
ğŸ‡¹ğŸ‡¼,Taiwan,None
ğŸ‡»ğŸ‡¦,Vatican City (Holy See),None
ğŸ‡¸ğŸ‡¬,Singapore,None
ğŸ‡³ğŸ‡«,Norfolk Island,None
ğŸ‡¬ğŸ‡©,Grenada,None
ğŸ‡³ğŸ‡®,Nicaragua,None
ğŸ‡ªğŸ‡­,Western Sahara,None
ğŸ‡ªğŸ‡·,Eritrea,None
ğŸ‡»ğŸ‡¨,Saint Vincent and the Grenadines,None
ğŸ‡±ğŸ‡®,Liechtenstein,None
ğŸ‡°ğŸ‡¿,Kazakhstan,None
ğŸ‡©ğŸ‡¿,Algeria,None
ğŸ‡¹ğŸ‡¯,Tajikistan,Vert
ğŸ‡¨ğŸ‡°,Cook Islands,None
ğŸ‡§ğŸ‡²,Bermuda,None
ğŸ‡©ğŸ‡²,Dominica,None
ğŸ‡ªğŸ‡º,European Union,Vert
ğŸ‡­ğŸ‡°,Hong Kong,None
ğŸ‡³ğŸ‡µ,Nepal,None
ğŸ‡®ğŸ‡±,Israel,Full
ğŸ‡ºğŸ‡¸,United States,None
ğŸ‡¬ğŸ‡®,Gibraltar,None
ğŸ³ï¸,Heard Island and McDonald Islands,None
ğŸ‡¨ğŸ‡·,Costa Rica,None
ğŸ‡®ğŸ‡¸,Iceland,Horz
ğŸ‡¨ğŸ‡¾,Cyprus,None
ğŸ‡¯ğŸ‡´,Jordan,None
ğŸ‡²ğŸ‡¬,Madagascar,None
ğŸ‡¿ğŸ‡¦,South Africa,None
ğŸ‡¦ğŸ‡²,Armenia,Vert
ğŸ‡³ğŸ‡¿,New Zealand,None
ğŸ‡©ğŸ‡ª,Germany,Vert
ğŸ‡¨ğŸ‡­,Switzerland,Full
ğŸ‡¸ğŸ‡§,Solomon Islands,None
ğŸ‡¹ğŸ‡±,Timor-Leste,None
ğŸ‡¹ğŸ‡°,Tokelau,None
ğŸ‡¸ğŸ‡¯,Svalbard and Jan Mayen,Horz
ğŸ‡¨ğŸ‡²,Cameroon,None
ğŸ‡¨ğŸ‡´,Colombia,Vert
ğŸ‡¯ğŸ‡²,Jamaica,Full
ğŸ‡¨ğŸ‡¦,Canada,Vert
ğŸ‡¨ğŸ‡±,Chile,None
ğŸ‡½ğŸ‡°,Kosovo,None
ğŸ‡·ğŸ‡¼,Rwanda,None
ğŸ‡¦ğŸ‡º,Australia,None
ğŸ‡§ğŸ‡´,Bolivia,None
ğŸ‡¨ğŸ‡¼,CuraÃ§ao,None
ğŸ‡µğŸ‡³,Pitcairn Islands,None
ğŸ‡ªğŸ‡¬,Egypt,None
ğŸ‡´ğŸ‡²,Oman,None
ğŸ‡ªğŸ‡¨,Ecuador,None
ğŸ‡»ğŸ‡º,Vanuatu,None
ğŸ‡°ğŸ‡µ,North Korea,None
ğŸ‡®ğŸ‡ª,Ireland,Horz
ğŸ‡¹ğŸ‡©,Chad,Horz
ğŸ‡¬ğŸ‡³,Guinea,Horz
ğŸ‡¦ğŸ‡©,Andorra,None
ğŸ‡±ğŸ‡º,Luxembourg,Vert
ğŸ‡µğŸ‡¸,Palestine,None
ğŸ‡¸ğŸ‡¸,South Sudan,None
ğŸ‡µğŸ‡¼,Palau,Horz
ğŸ‡µğŸ‡¾,Paraguay,None
ğŸ‡²ğŸ‡½,Mexico,None
ğŸ‡¸ğŸ‡­,"Saint Helena, Ascension and Tristan da Cunha",None
